movieid,Tong_luot_danh_gia
1,8613.0
2,2244.0
3,1442.0
4,464.0
5,890.0
6,3646.0
7,1562.0
8,205.0
9,271.0
10,3144.0
11,3919.0
12,378.0
13,323.0
14,542.0
15,359.0
16,2587.0
17,3363.0
18,524.0
19,965.0
20,406.0
21,4914.0
22,1266.0
23,360.0
24,1984.0
25,3578.0
26,353.0
27,179.0
28,726.0
29,1637.0
30,270.0
31,439.0
32,5962.0
33,12.0
34,6814.0
35,232.0
36,3673.0
37,28.0
38,79.0
39,4935.0
40,118.0
41,958.0
42,634.0
43,572.0
44,867.0
45,1863.0
46,516.0
47,4669.0
48,1137.0
49,101.0
50,8054.0
52,1569.0
53,38.0
54,105.0
55,138.0
56,18.0
57,337.0
58,2051.0
59,22.0
60,1147.0
61,201.0
62,2000.0
63,317.0
64,179.0
65,295.0
66,162.0
67,13.0
68,207.0
69,1166.0
70,2885.0
71,202.0
72,338.0
73,855.0
74,357.0
75,23.0
76,508.0
77,128.0
78,163.0
79,297.0
80,199.0
81,525.0
82,345.0
83,122.0
84,65.0
85,660.0
86,801.0
87,168.0
88,565.0
89,704.0
90,22.0
92,206.0
93,199.0
94,678.0
95,1835.0
96,51.0
97,165.0
98,12.0
99,173.0
100,392.0
101,979.0
102,109.0
103,106.0
104,2405.0
105,1251.0
106,43.0
107,806.0
108,20.0
110,10346.0
111,5188.0
112,1963.0
113,158.0
114,34.0
116,168.0
117,287.0
118,209.0
119,32.0
120,8.0
121,150.0
122,537.0
123,445.0
124,45.0
125,1219.0
126,197.0
127,1.0
128,52.0
129,43.0
130,8.0
131,49.0
132,227.0
133,1.0
134,8.0
135,374.0
136,26.0
137,39.0
138,5.0
139,4.0
140,440.0
141,2421.0
142,1.0
144,1469.0
145,1193.0
146,52.0
147,641.0
148,64.0
149,178.0
150,5096.0
151,1988.0
152,207.0
153,2053.0
154,626.0
155,297.0
156,235.0
157,511.0
158,772.0
159,381.0
160,1265.0
161,2830.0
162,1995.0
163,1867.0
164,1352.0
165,2938.0
166,150.0
167,18.0
168,1068.0
169,228.0
170,1010.0
171,332.0
172,1180.0
173,1302.0
174,187.0
175,765.0
176,803.0
177,380.0
178,66.0
179,106.0
180,1600.0
181,150.0
182,154.0
183,101.0
184,87.0
185,1633.0
186,583.0
187,340.0
188,612.0
189,51.0
190,375.0
191,185.0
192,6.0
193,445.0
194,800.0
195,466.0
196,1553.0
197,52.0
198,1994.0
199,446.0
200,29.0
201,87.0
202,75.0
203,620.0
204,593.0
205,307.0
206,301.0
207,686.0
208,1713.0
209,128.0
210,129.0
211,121.0
212,27.0
213,499.0
214,119.0
215,609.0
216,1130.0
217,168.0
218,610.0
219,70.0
220,51.0
222,1167.0
223,5573.0
224,1309.0
225,806.0
226,2.0
227,345.0
228,28.0
229,378.0
230,1205.0
231,2107.0
232,1410.0
233,849.0
234,327.0
235,3427.0
236,1077.0
237,764.0
238,90.0
239,483.0
240,122.0
241,96.0
242,280.0
243,21.0
244,19.0
245,33.0
246,2999.0
247,1844.0
248,402.0
249,981.0
250,78.0
251,59.0
252,1200.0
253,2601.0
254,117.0
255,136.0
256,578.0
257,368.0
258,349.0
259,290.0
260,13321.0
261,1040.0
262,666.0
263,108.0
264,16.0
265,3036.0
266,2415.0
267,382.0
268,182.0
269,194.0
270,240.0
271,198.0
272,1427.0
273,707.0
274,57.0
275,203.0
276,614.0
277,541.0
278,110.0
279,171.0
280,757.0
281,850.0
282,693.0
283,54.0
286,3.0
287,61.0
288,2201.0
289,528.0
290,658.0
291,106.0
292,2396.0
293,3790.0
294,130.0
295,80.0
296,9288.0
297,87.0
298,90.0
299,524.0
300,2650.0
301,142.0
302,328.0
303,1244.0
304,110.0
305,318.0
306,1412.0
307,996.0
308,801.0
309,177.0
310,16.0
311,3.0
312,273.0
313,156.0
314,1155.0
315,406.0
316,3895.0
317,2046.0
318,10143.0
319,1063.0
320,109.0
321,229.0
322,776.0
324,131.0
325,120.0
326,265.0
327,936.0
328,448.0
329,3343.0
330,407.0
331,65.0
332,410.0
333,1436.0
334,440.0
335,143.0
336,51.0
337,2662.0
338,637.0
339,2355.0
340,275.0
341,119.0
342,1905.0
343,102.0
344,2412.0
345,1785.0
346,423.0
347,146.0
348,1683.0
349,3946.0
350,1747.0
351,859.0
352,373.0
353,2529.0
354,213.0
355,628.0
356,8969.0
357,4616.0
358,447.0
359,61.0
360,317.0
361,917.0
362,804.0
363,264.0
364,4328.0
365,225.0
366,708.0
367,3866.0
368,2826.0
369,192.0
370,1194.0
371,674.0
372,1350.0
373,995.0
374,387.0
375,56.0
376,1136.0
377,5883.0
378,405.0
379,1260.0
380,5088.0
381,688.0
382,798.0
383,882.0
384,116.0
385,34.0
386,78.0
387,280.0
388,353.0
389,74.0
390,209.0
391,131.0
392,70.0
393,195.0
394,66.0
396,4.0
397,29.0
398,4.0
401,6.0
402,3.0
404,15.0
405,431.0
406,29.0
407,562.0
408,239.0
409,148.0
410,1346.0
411,34.0
412,1050.0
413,620.0
414,239.0
415,444.0
416,216.0
417,725.0
418,73.0
419,342.0
420,882.0
421,316.0
422,178.0
423,687.0
424,195.0
425,379.0
426,829.0
427,393.0
428,1034.0
429,445.0
430,58.0
431,1362.0
432,1011.0
433,134.0
434,2116.0
435,1389.0
436,374.0
437,131.0
438,399.0
439,9.0
440,3613.0
441,2375.0
442,1915.0
443,105.0
444,186.0
445,261.0
446,1037.0
447,77.0
448,821.0
449,260.0
450,748.0
451,334.0
452,125.0
453,216.0
454,2923.0
455,738.0
456,372.0
457,8186.0
458,285.0
459,405.0
460,86.0
461,282.0
462,74.0
463,129.0
464,601.0
465,348.0
466,1602.0
467,173.0
468,1145.0
469,204.0
470,66.0
471,2175.0
472,119.0
473,336.0
474,3718.0
475,1217.0
476,94.0
477,676.0
478,59.0
479,372.0
480,10057.0
481,994.0
482,621.0
483,277.0
484,77.0
485,1254.0
486,180.0
487,162.0
488,132.0
489,240.0
490,615.0
491,703.0
492,1246.0
493,1075.0
494,1392.0
495,142.0
496,119.0
497,2668.0
498,129.0
499,135.0
500,2866.0
501,339.0
502,300.0
503,48.0
504,526.0
505,172.0
506,398.0
507,1085.0
508,2185.0
509,2234.0
510,101.0
511,472.0
512,514.0
513,209.0
514,1222.0
515,1763.0
516,712.0
517,1213.0
518,366.0
519,392.0
520,1096.0
521,394.0
522,296.0
523,428.0
524,1721.0
525,67.0
526,20.0
527,10392.0
528,171.0
529,2864.0
530,7.0
531,1274.0
532,1186.0
533,555.0
534,1097.0
535,1149.0
536,174.0
537,637.0
538,1204.0
539,3708.0
540,375.0
541,7692.0
542,551.0
543,2308.0
544,341.0
545,2.0
546,656.0
547,357.0
548,349.0
549,600.0
550,537.0
551,3703.0
552,1714.0
553,2142.0
554,68.0
555,2585.0
556,558.0
557,9.0
558,365.0
559,15.0
560,29.0
561,47.0
562,1816.0
563,55.0
564,102.0
565,191.0
566,38.0
567,50.0
568,135.0
569,293.0
570,74.0
571,122.0
572,6.0
573,74.0
574,603.0
575,302.0
576,3.0
577,163.0
578,9.0
579,2.0
580,201.0
581,571.0
582,6.0
583,103.0
584,4.0
585,1215.0
586,2116.0
587,3930.0
588,5118.0
589,10751.0
590,5681.0
591,4.0
592,5153.0
593,11219.0
594,2934.0
595,4119.0
596,1868.0
597,3809.0
598,34.0
599,1079.0
600,90.0
601,3.0
602,169.0
603,174.0
605,749.0
606,207.0
607,4.0
608,10692.0
609,186.0
610,2192.0
611,534.0
612,190.0
613,298.0
614,24.0
615,271.0
616,932.0
617,62.0
618,19.0
619,83.0
621,156.0
623,9.0
624,4.0
626,43.0
627,436.0
628,1890.0
630,20.0
631,156.0
632,52.0
633,72.0
634,5.0
635,279.0
637,356.0
638,61.0
639,204.0
640,190.0
641,1.0
642,2.0
643,6.0
644,2.0
645,72.0
647,1567.0
648,5242.0
649,67.0
650,309.0
651,2.0
652,26.0
653,1974.0
655,1.0
656,100.0
657,6.0
658,3.0
659,93.0
660,3.0
661,1819.0
662,382.0
663,902.0
664,24.0
665,128.0
666,10.0
667,96.0
668,207.0
669,96.0
670,247.0
671,1678.0
672,4.0
673,1475.0
674,1164.0
678,1299.0
679,7.0
680,215.0
681,59.0
682,14.0
684,1.0
685,99.0
687,9.0
688,485.0
690,4.0
691,375.0
692,224.0
694,373.0
695,429.0
696,13.0
697,217.0
698,11.0
700,482.0
701,4.0
702,99.0
703,16.0
704,97.0
705,138.0
706,5.0
707,849.0
708,2332.0
709,438.0
710,119.0
711,155.0
712,7.0
714,595.0
715,188.0
716,75.0
717,4.0
718,115.0
719,684.0
720,1939.0
722,103.0
724,1284.0
725,254.0
726,27.0
728,817.0
729,11.0
730,1.0
731,134.0
732,17.0
733,4989.0
734,9.0
735,339.0
736,3523.0
737,609.0
741,1284.0
742,440.0
743,275.0
744,6.0
745,2970.0
746,124.0
747,110.0
748,1314.0
749,11.0
750,6083.0
751,53.0
753,101.0
754,38.0
755,34.0
756,12.0
757,15.0
758,4.0
759,242.0
760,116.0
761,343.0
762,651.0
763,3.0
764,242.0
765,450.0
766,357.0
767,77.0
769,39.0
771,68.0
774,4.0
775,29.0
776,12.0
778,2974.0
779,140.0
780,6073.0
781,348.0
782,370.0
783,1257.0
784,1051.0
785,2661.0
786,1437.0
787,15.0
788,2840.0
789,6.0
790,3.0
791,7.0
792,4.0
793,26.0
796,10.0
798,552.0
799,1132.0
800,2572.0
801,375.0
802,1493.0
803,210.0
804,694.0
805,1235.0
806,190.0
807,42.0
808,146.0
809,270.0
810,176.0
811,35.0
813,118.0
814,3.0
815,12.0
818,484.0
820,13.0
821,4.0
823,13.0
824,110.0
826,1.0
827,6.0
828,157.0
829,300.0
830,871.0
831,77.0
832,1962.0
833,170.0
834,8.0
835,322.0
836,629.0
837,758.0
838,1944.0
839,299.0
840,128.0
841,85.0
842,391.0
843,1.0
844,25.0
846,142.0
847,13.0
848,536.0
849,1283.0
850,110.0
851,444.0
852,1981.0
853,12.0
854,29.0
858,10059.0
859,2.0
860,36.0
861,959.0
862,113.0
863,35.0
864,43.0
865,2.0
866,2187.0
867,53.0
868,3.0
869,130.0
870,107.0
872,3.0
874,25.0
875,149.0
876,60.0
877,79.0
878,4.0
879,670.0
880,713.0
881,202.0
882,160.0
884,6.0
885,111.0
886,306.0
887,5.0
888,106.0
889,5.0
891,432.0
892,587.0
893,255.0
895,2.0
896,175.0
897,368.0
898,2503.0
899,3217.0
900,1321.0
901,634.0
902,2642.0
903,3867.0
904,4700.0
905,1601.0
906,766.0
907,412.0
908,5765.0
909,1721.0
910,3578.0
911,1280.0
912,7365.0
913,4585.0
914,2642.0
915,1447.0
916,1792.0
917,283.0
918,717.0
919,7298.0
920,4621.0
921,1176.0
922,2111.0
923,4898.0
924,6982.0
925,39.0
926,1715.0
927,334.0
928,1623.0
929,352.0
930,1911.0
931,806.0
932,747.0
933,1817.0
934,1112.0
935,258.0
936,538.0
937,165.0
938,677.0
939,35.0
940,1502.0
941,389.0
942,1227.0
943,681.0
944,368.0
945,1041.0
946,620.0
947,772.0
948,488.0
949,855.0
950,1238.0
951,1687.0
952,969.0
953,3134.0
954,1624.0
955,1722.0
956,142.0
957,120.0
958,44.0
959,217.0
960,69.0
961,80.0
962,39.0
963,193.0
964,173.0
965,1031.0
966,24.0
967,75.0
968,2625.0
969,4494.0
970,126.0
971,1097.0
972,19.0
973,321.0
974,60.0
975,3.0
976,200.0
977,4.0
978,394.0
980,14.0
981,11.0
982,298.0
984,88.0
985,15.0
986,836.0
987,116.0
988,233.0
989,5.0
990,139.0
991,599.0
992,52.0
993,28.0
994,1843.0
996,744.0
997,94.0
998,280.0
999,939.0
1000,61.0
1002,34.0
1003,356.0
1004,269.0
1005,337.0
1006,241.0
1007,691.0
1008,323.0
1009,927.0
1010,791.0
1011,368.0
1012,1115.0
1013,920.0
1014,463.0
1015,783.0
1016,502.0
1017,990.0
1018,400.0
1019,2129.0
1020,1270.0
1021,684.0
1022,2167.0
1023,881.0
1024,409.0
1025,1058.0
1026,29.0
1027,1088.0
1028,3937.0
1029,2095.0
1030,994.0
1031,1110.0
1032,1941.0
1033,990.0
1034,616.0
1035,3468.0
1036,6867.0
1037,1636.0
1038,36.0
1039,11.0
1040,15.0
1041,1914.0
1042,1838.0
1043,307.0
1044,115.0
1046,366.0
1047,1512.0
1049,1501.0
1050,558.0
1051,335.0
1053,102.0
1054,268.0
1055,52.0
1056,177.0
1057,975.0
1058,36.0
1059,1629.0
1060,3098.0
1061,1328.0
1062,5.0
1063,82.0
1064,605.0
1066,729.0
1067,87.0
1068,129.0
1069,432.0
1070,6.0
1071,17.0
1073,5070.0
1076,92.0
1077,2961.0
1078,1427.0
1079,5266.0
1080,3721.0
1081,1570.0
1082,570.0
1083,579.0
1084,2810.0
1085,495.0
1086,1546.0
1087,62.0
1088,2275.0
1089,5207.0
1090,4675.0
1091,1042.0
1092,2660.0
1093,2317.0
1094,4586.0
1095,2218.0
1096,1368.0
1097,8997.0
1098,12.0
1099,774.0
1100,1179.0
1101,3723.0
1102,8.0
1103,1577.0
1104,2041.0
1105,75.0
1107,6.0
1111,385.0
1112,120.0
1113,150.0
1114,89.0
1115,1.0
1116,58.0
1117,51.0
1118,2.0
1119,109.0
1120,1634.0
1121,40.0
1123,123.0
1124,1515.0
1125,1455.0
1126,752.0
1127,6318.0
1128,497.0
1129,3063.0
1130,753.0
1131,934.0
1132,937.0
1133,4.0
1134,6.0
1135,1298.0
1136,6932.0
1138,27.0
1139,8.0
1142,2.0
1144,60.0
1145,5.0
1147,1197.0
1148,3976.0
1149,14.0
1150,621.0
1151,108.0
1152,101.0
1153,48.0
1154,56.0
1160,13.0
1161,371.0
1162,375.0
1163,56.0
1164,18.0
1165,1.0
1167,272.0
1168,37.0
1169,134.0
1170,28.0
1171,1550.0
1172,2637.0
1173,663.0
1174,19.0
1175,1473.0
1176,508.0
1177,587.0
1178,1029.0
1179,3353.0
1180,192.0
1181,29.0
1183,3570.0
1184,346.0
1185,1793.0
1186,2031.0
1187,538.0
1188,2671.0
1189,1144.0
1190,463.0
1191,640.0
1192,423.0
1193,7574.0
1194,737.0
1196,12836.0
1197,9976.0
1198,11257.0
1199,3741.0
1200,7509.0
1201,3398.0
1202,260.0
1203,2646.0
1204,3658.0
1205,781.0
1206,5012.0
1207,4107.0
1208,4990.0
1209,696.0
1210,11598.0
1211,995.0
1212,2137.0
1213,7084.0
1214,8419.0
1215,3595.0
1216,318.0
1217,1524.0
1218,1024.0
1219,5328.0
1220,5283.0
1221,7373.0
1222,5155.0
1223,2063.0
1224,1826.0
1225,5876.0
1226,916.0
1227,931.0
1228,2835.0
1230,5525.0
1231,3060.0
1232,189.0
1233,4307.0
1234,4532.0
1235,2903.0
1236,377.0
1237,1265.0
1238,1404.0
1240,8711.0
1241,235.0
1242,4663.0
1243,1295.0
1244,2931.0
1245,1434.0
1246,3425.0
1247,5354.0
1248,2167.0
1249,2936.0
1250,4115.0
1251,936.0
1252,5142.0
1253,2315.0
1254,1943.0
1255,184.0
1256,2501.0
1257,1851.0
1258,4462.0
1259,7313.0
1260,1325.0
1261,2097.0
1262,3046.0
1263,2877.0
1264,1042.0
1265,9005.0
1266,4078.0
1267,3315.0
1268,1105.0
1269,2801.0
1270,10307.0
1271,2257.0
1272,2752.0
1273,579.0
1274,1778.0
1275,2850.0
1276,3956.0
1277,1410.0
1278,5071.0
1279,727.0
1280,1156.0
1281,871.0
1282,3682.0
1283,1684.0
1284,2333.0
1285,3064.0
1286,1022.0
1287,2894.0
1288,4673.0
1289,723.0
1290,826.0
1291,6729.0
1292,2372.0
1293,2779.0
1294,4533.0
1295,949.0
1296,2238.0
1297,1639.0
1298,1409.0
1299,3110.0
1300,1368.0
1301,1483.0
1302,3004.0
1303,1280.0
1304,5982.0
1305,459.0
1306,490.0
1307,6387.0
1310,153.0
1311,7.0
1312,94.0
1313,28.0
1315,7.0
1316,4.0
1317,127.0
1320,2810.0
1321,2060.0
1322,55.0
1323,59.0
1324,37.0
1325,38.0
1326,118.0
1327,1043.0
1328,46.0
1329,96.0
1330,348.0
1331,159.0
1332,297.0
1333,2846.0
1334,1060.0
1335,36.0
1336,123.0
1337,228.0
1339,2247.0
1340,845.0
1341,151.0
1342,761.0
1343,2522.0
1344,1416.0
1345,2044.0
1346,554.0
1347,1572.0
1348,950.0
1349,43.0
1350,1482.0
1351,119.0
1352,268.0
1353,580.0
1354,1021.0
1355,228.0
1356,4859.0
1357,2086.0
1358,4953.0
1359,550.0
1360,7.0
1361,670.0
1362,403.0
1363,333.0
1364,7.0
1365,223.0
1366,344.0
1367,1109.0
1369,19.0
1370,4020.0
1371,2484.0
1372,3413.0
1373,1685.0
1374,5619.0
1375,3109.0
1376,4117.0
1377,3069.0
1378,1921.0
1379,1073.0
1380,2923.0
1381,595.0
1382,353.0
1383,17.0
1384,23.0
1385,1507.0
1386,1.0
1387,6940.0
1388,958.0
1389,389.0
1390,387.0
1391,3115.0
1392,819.0
1393,5086.0
1394,5766.0
1395,981.0
1396,4067.0
1397,230.0
1398,201.0
1399,333.0
1401,568.0
1404,239.0
1405,1444.0
1406,83.0
1407,3168.0
1408,3718.0
1409,1197.0
1410,258.0
1411,1512.0
1412,78.0
1413,169.0
1414,604.0
1415,128.0
1416,918.0
1417,119.0
1419,539.0
1420,28.0
1421,67.0
1422,850.0
1423,61.0
1425,553.0
1426,58.0
1427,117.0
1428,169.0
1429,982.0
1430,1.0
1431,591.0
1432,277.0
1433,9.0
1434,8.0
1436,26.0
1437,65.0
1438,904.0
1439,108.0
1440,224.0
1441,1657.0
1442,220.0
1444,27.0
1445,339.0
1446,766.0
1447,165.0
1449,1916.0
1450,53.0
1453,360.0
1454,259.0
1455,61.0
1456,151.0
1457,827.0
1458,68.0
1459,1276.0
1460,252.0
1461,556.0
1463,103.0
1464,486.0
1465,440.0
1466,2729.0
1468,369.0
1470,4.0
1471,17.0
1472,156.0
1473,113.0
1474,341.0
1475,255.0
1476,1740.0
1477,93.0
1479,1800.0
1480,869.0
1482,210.0
1483,389.0
1484,459.0
1485,2331.0
1486,22.0
1487,497.0
1488,823.0
1489,95.0
1490,47.0
1493,56.0
1494,47.0
1495,58.0
1496,79.0
1497,100.0
1498,411.0
1499,878.0
1500,4332.0
1501,47.0
1502,40.0
1503,336.0
1504,56.0
1507,140.0
1508,119.0
1509,77.0
1510,5.0
1511,86.0
1513,2300.0
1514,19.0
1515,463.0
1516,190.0
1517,4471.0
1518,1211.0
1519,20.0
1520,37.0
1522,17.0
1523,150.0
1525,92.0
1526,217.0
1527,5013.0
1528,4.0
1529,100.0
1531,40.0
1532,16.0
1533,93.0
1534,22.0
1535,359.0
1537,1448.0
1538,10.0
1539,31.0
1541,744.0
1542,843.0
1543,23.0
1544,3811.0
1545,297.0
1546,187.0
1547,123.0
1548,5.0
1549,51.0
1550,192.0
1551,102.0
1552,3116.0
1553,11.0
1554,480.0
1555,6.0
1556,687.0
1558,3.0
1561,13.0
1562,1368.0
1563,144.0
1564,138.0
1565,51.0
1566,1538.0
1567,31.0
1569,2811.0
1570,76.0
1571,178.0
1572,97.0
1573,4833.0
1574,43.0
1575,44.0
1579,3.0
1580,9492.0
1581,168.0
1582,190.0
1583,75.0
1584,5208.0
1585,90.0
1586,1700.0
1587,1957.0
1588,891.0
1589,1653.0
1590,1254.0
1591,1245.0
1592,279.0
1593,464.0
1594,1160.0
1595,113.0
1596,111.0
1597,2762.0
1598,301.0
1599,110.0
1600,241.0
1601,204.0
1602,91.0
1603,1018.0
1604,179.0
1605,234.0
1606,255.0
1608,3861.0
1609,151.0
1610,6694.0
1611,791.0
1612,183.0
1613,87.0
1614,1404.0
1615,822.0
1616,1222.0
1617,9654.0
1619,1241.0
1620,1318.0
1621,279.0
1622,12.0
1623,283.0
1624,136.0
1625,3452.0
1626,204.0
1627,769.0
1629,329.0
1630,2.0
1631,176.0
1632,49.0
1633,974.0
1635,1927.0
1636,12.0
1639,3650.0
1640,213.0
1641,4643.0
1642,226.0
1643,1027.0
1644,1250.0
1645,2838.0
1646,248.0
1647,259.0
1648,674.0
1649,728.0
1650,167.0
1651,49.0
1652,13.0
1653,3997.0
1654,288.0
1655,187.0
1656,45.0
1657,70.0
1658,368.0
1659,20.0
1660,639.0
1661,281.0
1662,53.0
1663,2841.0
1664,21.0
1665,537.0
1666,52.0
1667,314.0
1668,99.0
1669,128.0
1670,287.0
1671,70.0
1672,1146.0
1673,4252.0
1674,4180.0
1675,34.0
1676,3644.0
1677,102.0
1678,1815.0
1679,47.0
1680,1759.0
1681,292.0
1682,3881.0
1683,820.0
1684,216.0
1685,21.0
1686,344.0
1687,1037.0
1688,1065.0
1689,795.0
1690,2305.0
1692,51.0
1693,1305.0
1694,1755.0
1695,118.0
1696,100.0
1699,543.0
1701,970.0
1702,771.0
1703,182.0
1704,6465.0
1707,289.0
1709,2.0
1711,2043.0
1713,703.0
1714,2.0
1715,39.0
1717,1354.0
1718,18.0
1719,1541.0
1720,9.0
1721,5540.0
1722,2967.0
1724,3.0
1725,86.0
1726,380.0
1727,678.0
1728,73.0
1729,2671.0
1730,656.0
1731,120.0
1732,4101.0
1733,255.0
1734,769.0
1735,842.0
1739,64.0
1741,20.0
1743,43.0
1744,206.0
1746,152.0
1747,3165.0
1748,3341.0
1749,34.0
1750,138.0
1752,547.0
1753,634.0
1754,1314.0
1755,106.0
1756,130.0
1758,365.0
1759,203.0
1760,356.0
1762,621.0
1764,3.0
1767,78.0
1769,1001.0
1770,66.0
1771,124.0
1772,559.0
1773,5.0
1777,3172.0
1779,1441.0
1780,33.0
1782,20.0
1783,644.0
1784,5625.0
1785,610.0
1787,7.0
1788,360.0
1791,157.0
1792,1421.0
1793,31.0
1794,518.0
1795,9.0
1796,12.0
1797,669.0
1798,108.0
1799,727.0
1801,1190.0
1804,361.0
1805,2157.0
1806,486.0
1807,58.0
1809,137.0
1810,1256.0
1811,48.0
1812,153.0
1814,84.0
1815,2.0
1816,299.0
1817,36.0
1820,2.0
1821,674.0
1822,43.0
1824,350.0
1825,88.0
1826,62.0
1827,408.0
1829,111.0
1830,5.0
1831,1724.0
1832,4.0
1833,793.0
1834,1942.0
1835,1204.0
1836,447.0
1837,172.0
1839,156.0
1840,541.0
1841,280.0
1842,8.0
1843,3.0
1844,112.0
1845,1129.0
1846,65.0
1848,539.0
1849,18.0
1850,37.0
1851,8.0
1852,2.0
1853,34.0
1854,145.0
1855,259.0
1856,220.0
1857,74.0
1858,562.0
1859,113.0
1860,166.0
1861,10.0
1862,406.0
1863,315.0
1864,30.0
1865,192.0
1866,584.0
1867,92.0
1868,4.0
1869,118.0
1870,253.0
1871,16.0
1872,32.0
1873,974.0
1874,91.0
1875,558.0
1876,2834.0
1877,10.0
1878,22.0
1879,86.0
1880,89.0
1881,189.0
1882,1160.0
1883,2281.0
1884,997.0
1885,2245.0
1886,11.0
1887,149.0
1888,1159.0
1889,190.0
1890,17.0
1891,17.0
1892,1352.0
1893,79.0
1894,1371.0
1895,991.0
1896,146.0
1897,466.0
1898,51.0
1899,32.0
1900,254.0
1901,20.0
1902,93.0
1903,20.0
1904,394.0
1905,3.0
1906,103.0
1907,1834.0
1908,3.0
1909,3479.0
1910,154.0
1911,1544.0
1912,3448.0
1913,639.0
1914,1417.0
1915,4.0
1916,1241.0
1917,3543.0
1918,2101.0
1919,368.0
1920,1023.0
1921,2324.0
1922,178.0
1923,5353.0
1924,656.0
1925,175.0
1926,102.0
1927,1124.0
1928,98.0
1929,318.0
1930,15.0
1931,907.0
1932,118.0
1933,71.0
1934,309.0
1935,431.0
1936,318.0
1937,235.0
1938,477.0
1939,973.0
1940,354.0
1941,430.0
1942,480.0
1943,200.0
1944,1491.0
1945,2216.0
1946,815.0
1947,3088.0
1948,764.0
1949,927.0
1950,1437.0
1951,787.0
1952,2727.0
1953,3529.0
1954,4452.0
1955,1716.0
1956,2023.0
1957,2407.0
1958,1912.0
1959,2287.0
1960,2529.0
1961,5391.0
1962,2528.0
1963,1021.0
1964,1150.0
1965,2766.0
1966,722.0
1967,2015.0
1968,5971.0
1969,636.0
1970,708.0
1971,542.0
1972,399.0
1973,469.0
1974,964.0
1975,415.0
1976,394.0
1977,368.0
1978,237.0
1979,244.0
1980,196.0
1981,182.0
1982,1879.0
1983,537.0
1984,220.0
1985,311.0
1986,270.0
1987,212.0
1988,107.0
1989,22.0
1990,27.0
1991,646.0
1992,281.0
1993,184.0
1994,2929.0
1995,441.0
1996,205.0
1997,3501.0
1998,200.0
1999,349.0
2000,6324.0
2001,3584.0
2002,2610.0
2003,2536.0
2004,935.0
2005,2504.0
2006,3501.0
2007,174.0
2008,38.0
2009,1485.0
2010,1584.0
2011,3872.0
2012,3722.0
2013,2149.0
2014,572.0
2015,1312.0
2016,290.0
2017,484.0
2018,2202.0
2019,2864.0
2020,3070.0
2021,2648.0
2022,897.0
2023,2589.0
2024,491.0
2025,739.0
2026,433.0
2027,316.0
2028,11507.0
2029,279.0
2031,112.0
2032,117.0
2033,633.0
2034,818.0
2035,177.0
2036,213.0
2037,191.0
2038,575.0
2039,1.0
2040,377.0
2041,387.0
2042,508.0
2043,517.0
2044,132.0
2045,190.0
2046,1858.0
2047,70.0
2048,458.0
2049,123.0
2050,264.0
2051,258.0
2052,525.0
2053,860.0
2054,3065.0
2055,119.0
2056,63.0
2057,304.0
2058,2883.0
2059,880.0
2060,548.0
2061,25.0
2062,224.0
2063,20.0
2064,3251.0
2065,1724.0
2066,440.0
2067,2293.0
2068,497.0
2069,530.0
2070,1031.0
2071,672.0
2072,882.0
2073,242.0
2074,74.0
2075,303.0
2076,2461.0
2077,538.0
2078,2534.0
2079,50.0
2080,3287.0
2081,3888.0
2082,1042.0
2083,945.0
2084,291.0
2085,2032.0
2086,103.0
2087,2174.0
2088,1222.0
2089,764.0
2090,865.0
2091,530.0
2092,397.0
2093,787.0
2094,2288.0
2095,336.0
2096,1896.0
2097,743.0
2098,239.0
2099,796.0
2100,3990.0
2101,53.0
2102,667.0
2103,114.0
2104,177.0
2105,3255.0
2106,610.0
2107,535.0
2108,3058.0
2109,2145.0
2110,1198.0
2111,1007.0
2112,1207.0
2113,170.0
2114,944.0
2115,4143.0
2116,1460.0
2117,1034.0
2118,1344.0
2119,334.0
2120,712.0
2121,669.0
2122,570.0
2123,617.0
2124,2263.0
2125,1545.0
2126,1359.0
2127,14.0
2128,83.0
2129,30.0
2130,1165.0
2131,112.0
2132,1210.0
2133,1772.0
2134,1746.0
2135,762.0
2136,699.0
2137,1900.0
2138,1172.0
2139,1421.0
2140,2593.0
2141,1385.0
2142,569.0
2143,1161.0
2144,2668.0
2145,2333.0
2146,1095.0
2147,589.0
2148,479.0
2149,232.0
2150,2590.0
2151,406.0
2152,146.0
2153,575.0
2154,390.0
2155,885.0
2156,34.0
2157,65.0
2158,52.0
2159,762.0
2160,2719.0
2161,2520.0
2162,427.0
2163,537.0
2164,41.0
2165,368.0
2166,507.0
2167,2813.0
2168,243.0
2169,348.0
2170,314.0
2171,723.0
2172,13.0
2173,392.0
2174,5334.0
2175,69.0
2176,744.0
2177,267.0
2178,348.0
2179,123.0
2180,193.0
2181,421.0
2182,351.0
2183,704.0
2184,529.0
2185,61.0
2186,2075.0
2187,93.0
2188,716.0
2189,78.0
2190,148.0
2191,28.0
2192,23.0
2193,2804.0
2194,4517.0
2195,406.0
2196,66.0
2197,46.0
2198,8.0
2200,20.0
2201,68.0
2202,840.0
2203,995.0
2204,340.0
2205,116.0
2206,670.0
2207,23.0
2208,833.0
2209,33.0
2210,200.0
2211,67.0
2212,491.0
2213,1.0
2214,3.0
2215,42.0
2217,1.0
2218,2.0
2219,34.0
2221,34.0
2223,10.0
2226,3.0
2227,74.0
2231,1245.0
2232,808.0
2233,8.0
2234,15.0
2235,2.0
2236,729.0
2237,158.0
2238,295.0
2239,363.0
2240,835.0
2241,358.0
2242,15.0
2243,2957.0
2244,13.0
2245,1755.0
2246,38.0
2247,1129.0
2248,3672.0
2249,763.0
2250,195.0
2251,7.0
2252,561.0
2253,1128.0
2254,2.0
2255,206.0
2256,57.0
2257,50.0
2258,6.0
2259,546.0
2260,137.0
2261,536.0
2262,1029.0
2263,543.0
2264,215.0
2265,166.0
2266,560.0
2267,218.0
2268,4171.0
2269,594.0
2271,250.0
2272,387.0
2273,2236.0
2275,239.0
2276,260.0
2277,2.0
2278,2843.0
2279,614.0
2280,429.0
2281,38.0
2282,1112.0
2283,178.0
2284,163.0
2285,210.0
2286,108.0
2287,963.0
2288,2805.0
2289,3876.0
2290,397.0
2291,5292.0
2292,50.0
2293,81.0
2294,2247.0
2295,282.0
2296,343.0
2297,1103.0
2298,28.0
2299,15.0
2300,2727.0
2301,1332.0
2302,4110.0
2303,1274.0
2304,25.0
2305,87.0
2306,224.0
2307,100.0
2308,2.0
2309,9.0
2310,509.0
2311,1606.0
2312,1267.0
2313,1834.0
2314,326.0
2315,348.0
2316,704.0
2317,21.0
2318,1249.0
2320,581.0
2321,4281.0
2322,850.0
2323,138.0
2324,4988.0
2325,373.0
2326,36.0
2327,285.0
2328,493.0
2329,2705.0
2330,383.0
2331,577.0
2332,26.0
2333,2204.0
2334,1206.0
2335,1229.0
2336,3780.0
2337,404.0
2338,650.0
2339,79.0
2340,1119.0
2341,144.0
2342,41.0
2343,4.0
2344,688.0
2345,145.0
2346,992.0
2347,355.0
2348,1080.0
2349,603.0
2350,53.0
2351,467.0
2352,3247.0
2353,3643.0
2354,392.0
2355,6564.0
2356,278.0
2357,921.0
2358,16.0
2359,2727.0
2360,504.0
2361,512.0
2362,151.0
2363,999.0
2364,336.0
2365,377.0
2366,2764.0
2367,852.0
2368,98.0
2369,2482.0
2370,499.0
2371,2153.0
2372,706.0
2373,469.0
2374,715.0
2375,1209.0
2376,1062.0
2377,539.0
2378,1238.0
2379,537.0
2380,398.0
2381,333.0
2382,265.0
2383,247.0
2384,1721.0
2385,376.0
2386,116.0
2387,602.0
2388,52.0
2389,700.0
2390,1218.0
2391,2795.0
2392,458.0
2393,2702.0
2394,2068.0
2395,4686.0
2396,9778.0
2397,76.0
2398,1505.0
2399,595.0
2400,123.0
2401,1176.0
2402,1133.0
2403,1418.0
2404,705.0
2405,2129.0
2406,4962.0
2407,3559.0
2408,655.0
2409,1414.0
2410,1153.0
2411,992.0
2412,576.0
2413,1439.0
2414,1285.0
2415,42.0
2416,1115.0
2417,218.0
2418,338.0
2419,221.0
2420,1685.0
2421,1277.0
2422,607.0
2423,1848.0
2424,2833.0
2425,210.0
2426,80.0
2427,2729.0
2428,1425.0
2429,509.0
2430,448.0
2431,1487.0
2432,458.0
2433,2056.0
2434,218.0
2435,305.0
2436,438.0
2437,310.0
2438,4.0
2439,715.0
2440,158.0
2441,79.0
2442,612.0
2443,453.0
2444,20.0
2445,207.0
2446,160.0
2447,814.0
2448,444.0
2449,49.0
2450,911.0
2451,299.0
2452,32.0
2453,572.0
2454,1612.0
2455,3685.0
2456,657.0
2457,876.0
2458,322.0
2459,796.0
2460,273.0
2461,130.0
2462,99.0
2463,1644.0
2464,21.0
2465,85.0
2466,45.0
2467,1264.0
2468,1036.0
2469,1658.0
2470,3125.0
2471,1088.0
2472,277.0
2473,465.0
2474,1187.0
2475,462.0
2476,1004.0
2477,96.0
2478,1774.0
2479,100.0
2480,9.0
2481,126.0
2482,100.0
2483,73.0
2484,2.0
2485,1251.0
2486,16.0
2487,17.0
2488,328.0
2490,2710.0
2491,315.0
2492,397.0
2493,116.0
2494,108.0
2495,353.0
2496,1211.0
2497,482.0
2498,287.0
2499,184.0
2500,309.0
2501,2433.0
2502,3332.0
2503,42.0
2504,522.0
2505,779.0
2506,545.0
2507,161.0
2509,50.0
2510,11.0
2511,317.0
2512,75.0
2513,903.0
2514,239.0
2515,93.0
2516,83.0
2517,836.0
2518,1021.0
2519,310.0
2520,563.0
2521,221.0
2522,186.0
2523,97.0
2524,803.0
2525,342.0
2526,310.0
2527,2176.0
2528,2172.0
2529,4314.0
2530,1075.0
2531,884.0
2532,1018.0
2533,1408.0
2534,43.0
2535,339.0
2536,70.0
2537,66.0
2538,18.0
2539,2091.0
2540,473.0
2541,1801.0
2542,2436.0
2543,7.0
2544,50.0
2545,34.0
2546,497.0
2548,234.0
2549,390.0
2550,641.0
2551,622.0
2552,82.0
2553,735.0
2554,432.0
2555,279.0
2556,3.0
2557,17.0
2558,645.0
2559,70.0
2560,532.0
2561,398.0
2562,34.0
2563,3.0
2565,1471.0
2566,97.0
2567,967.0
2568,451.0
2569,34.0
2570,367.0
2571,11178.0
2572,2396.0
2573,164.0
2574,531.0
2575,564.0
2576,6.0
2577,92.0
2578,14.0
2579,110.0
2580,2787.0
2581,1977.0
2582,205.0
2583,848.0
2584,3.0
2585,185.0
2586,74.0
2587,302.0
2589,175.0
2590,146.0
2591,4.0
2592,3.0
2593,130.0
2594,245.0
2596,503.0
2597,167.0
2598,1608.0
2599,5982.0
2600,1335.0
2602,17.0
2605,2462.0
2606,564.0
2607,278.0
2608,13.0
2609,283.0
2610,159.0
2611,571.0
2612,556.0
2613,870.0
2614,85.0
2615,569.0
2616,1674.0
2617,3345.0
2618,179.0
2619,3.0
2620,133.0
2621,252.0
2622,1390.0
2623,11.0
2624,417.0
2625,203.0
2626,125.0
2627,48.0
2628,7672.0
2629,396.0
2630,144.0
2631,10.0
2632,36.0
2633,573.0
2634,302.0
2635,94.0
2636,32.0
2637,88.0
2638,102.0
2639,522.0
2640,4322.0
2641,2677.0
2642,1194.0
2643,627.0
2644,911.0
2645,341.0
2646,112.0
2647,166.0
2648,1614.0
2649,216.0
2650,91.0
2651,258.0
2652,149.0
2653,116.0
2654,504.0
2655,83.0
2656,172.0
2657,4058.0
2658,34.0
2659,146.0
2660,526.0
2661,316.0
2662,2180.0
2663,163.0
2664,2457.0
2665,243.0
2666,90.0
2667,152.0
2668,692.0
2669,400.0
2670,880.0
2671,2857.0
2672,1247.0
2673,27.0
2674,70.0
2675,34.0
2676,834.0
2677,933.0
2678,78.0
2679,13.0
2681,155.0
2682,357.0
2683,4859.0
2685,12.0
2686,2310.0
2687,1620.0
2688,2171.0
2689,139.0
2690,1443.0
2691,59.0
2692,4529.0
2693,864.0
2694,2480.0
2695,24.0
2696,299.0
2697,179.0
2699,4105.0
2700,4772.0
2701,1947.0
2702,1213.0
2703,3.0
2704,126.0
2705,19.0
2706,5153.0
2707,2222.0
2708,180.0
2709,737.0
2710,3750.0
2711,114.0
2712,3025.0
2713,1053.0
2714,283.0
2715,49.0
2716,8518.0
2717,1642.0
2718,1199.0
2719,1134.0
2720,808.0
2721,320.0
2722,1718.0
2723,2568.0
2724,2028.0
2725,356.0
2726,542.0
2727,111.0
2728,1712.0
2729,777.0
2730,600.0
2731,808.0
2732,589.0
2733,122.0
2734,1565.0
2735,1330.0
2736,773.0
2737,67.0
2738,273.0
2739,1735.0
2740,45.0
2741,184.0
2742,2.0
2743,81.0
2744,140.0
2745,892.0
2746,3119.0
2747,1179.0
2748,281.0
2749,280.0
2750,1054.0
2751,152.0
2752,548.0
2753,199.0
2754,22.0
2755,83.0
2756,103.0
2757,516.0
2758,88.0
2759,1441.0
2760,24.0
2761,2728.0
2762,10835.0
2763,3966.0
2764,1008.0
2765,19.0
2766,116.0
2767,77.0
2768,42.0
2769,248.0
2770,3050.0
2771,494.0
2772,746.0
2773,41.0
2774,239.0
2775,46.0
2776,49.0
2777,10.0
2778,74.0
2779,1249.0
2780,261.0
2781,200.0
2782,375.0
2783,26.0
2784,202.0
2785,76.0
2786,174.0
2787,470.0
2788,1866.0
2789,494.0
2790,162.0
2791,6874.0
2792,1663.0
2793,730.0
2794,1125.0
2795,2109.0
2796,708.0
2797,5749.0
2798,308.0
2799,154.0
2800,67.0
2801,320.0
2802,945.0
2803,1133.0
2804,5731.0
2805,1285.0
2806,524.0
2807,160.0
2808,942.0
2809,51.0
2810,161.0
2811,8.0
2812,149.0
2813,106.0
2814,21.0
2815,703.0
2816,276.0
2817,205.0
2818,93.0
2819,1289.0
2820,189.0
2821,8.0
2822,802.0
2823,10.0
2824,55.0
2825,11.0
2826,2369.0
2827,801.0
2828,255.0
2829,464.0
2830,39.0
2831,26.0
2833,22.0
2834,64.0
2835,142.0
2836,537.0
2837,71.0
2839,43.0
2840,1215.0
2841,1766.0
2842,145.0
2843,89.0
2844,264.0
2845,1.0
2846,559.0
2847,129.0
2848,162.0
2849,84.0
2850,19.0
2851,325.0
2852,613.0
2853,81.0
2854,26.0
2855,23.0
2856,250.0
2857,1475.0
2858,14800.0
2859,1012.0
2860,417.0
2861,1116.0
2862,230.0
2863,2015.0
2864,79.0
2865,61.0
2866,734.0
2867,1051.0
2868,145.0
2869,8.0
2870,693.0
2871,2873.0
2872,2829.0
2873,59.0
2874,236.0
2875,948.0
2876,114.0
2877,636.0
2878,77.0
2879,568.0
2880,249.0
2881,2516.0
2882,330.0
2883,983.0
2884,108.0
2885,205.0
2886,74.0
2887,9.0
2888,331.0
2889,986.0
2890,3887.0
2891,646.0
2892,30.0
2893,121.0
2894,84.0
2895,6.0
2896,93.0
2897,65.0
2898,280.0
2899,415.0
2900,432.0
2901,1057.0
2902,397.0
2903,201.0
2904,64.0
2905,318.0
2906,582.0
2907,521.0
2908,3412.0
2909,4.0
2911,23.0
2912,1744.0
2913,56.0
2914,24.0
2915,3101.0
2916,7350.0
2917,2032.0
2918,6065.0
2919,1523.0
2920,419.0
2921,1231.0
2922,903.0
2923,58.0
2924,520.0
2925,241.0
2926,1491.0
2927,404.0
2928,257.0
2929,747.0
2930,22.0
2931,43.0
2932,467.0
2933,31.0
2934,12.0
2935,608.0
2936,659.0
2937,446.0
2938,116.0
2939,182.0
2940,429.0
2941,1012.0
2942,1122.0
2943,605.0
2944,2831.0
2945,75.0
2946,1098.0
2947,3562.0
2948,2999.0
2949,2503.0
2950,807.0
2951,2085.0
2952,697.0
2953,816.0
2955,8.0
2956,442.0
2959,5916.0
2960,11.0
2961,789.0
2962,34.0
2963,63.0
2964,40.0
2965,146.0
2966,1740.0
2967,476.0
2968,3731.0
2969,356.0
2970,388.0
2971,1212.0
2972,261.0
2973,1863.0
2974,123.0
2975,337.0
2976,1711.0
2977,131.0
2978,293.0
2979,81.0
2981,56.0
2982,80.0
2983,323.0
2984,31.0
2985,4242.0
2986,1174.0
2987,6620.0
2988,393.0
2989,1488.0
2990,1232.0
2991,1516.0
2992,77.0
2993,1497.0
2994,35.0
2995,787.0
2996,456.0
2997,9245.0
2998,46.0
2999,16.0
3000,1431.0
3001,10.0
3002,137.0
3003,26.0
3004,625.0
3005,2161.0
3006,3588.0
3007,1184.0
3008,190.0
3010,126.0
3011,538.0
3012,34.0
3013,188.0
3014,143.0
3015,486.0
3016,1412.0
3017,263.0
3018,862.0
3019,1631.0
3020,1809.0
3021,103.0
3022,900.0
3024,378.0
3025,46.0
3026,12.0
3027,8.0
3028,523.0
3029,622.0
3030,947.0
3031,114.0
3032,793.0
3033,2952.0
3034,1284.0
3035,1747.0
3036,562.0
3037,2390.0
3038,311.0
3039,3212.0
3040,1043.0
3041,124.0
3042,101.0
3043,69.0
3044,2248.0
3045,365.0
3046,297.0
3047,64.0
3048,167.0
3049,120.0
3050,50.0
3051,475.0
3052,3672.0
3053,1029.0
3054,269.0
3055,278.0
3056,22.0
3057,8.0
3058,26.0
3060,2138.0
3061,1067.0
3062,1398.0
3063,378.0
3064,150.0
3065,4.0
3066,718.0
3067,1374.0
3068,1465.0
3069,210.0
3070,2070.0
3071,1231.0
3072,3719.0
3073,107.0
3074,841.0
3075,275.0
3076,345.0
3077,372.0
3078,566.0
3079,563.0
3081,3749.0
3082,2913.0
3083,1610.0
3084,7.0
3085,5.0
3086,290.0
3087,1795.0
3088,1456.0
3089,1098.0
3090,733.0
3091,604.0
3092,80.0
3093,769.0
3094,389.0
3095,2154.0
3096,368.0
3097,832.0
3098,2100.0
3099,884.0
3100,2340.0
3101,2943.0
3102,889.0
3103,208.0
3104,2950.0
3105,2571.0
3106,81.0
3107,2990.0
3108,3427.0
3109,206.0
3110,112.0
3111,788.0
3112,236.0
3113,1483.0
3114,6687.0
3115,348.0
3116,30.0
3117,241.0
3118,233.0
3119,5.0
3120,392.0
3121,64.0
3122,98.0
3123,3.0
3124,113.0
3125,703.0
3126,12.0
3127,181.0
3128,176.0
3129,1066.0
3130,280.0
3131,7.0
3132,138.0
3133,156.0
3134,716.0
3135,770.0
3136,9.0
3137,61.0
3138,211.0
3139,54.0
3140,31.0
3141,189.0
3142,440.0
3143,122.0
3144,160.0
3145,870.0
3146,851.0
3147,5077.0
3148,2810.0
3149,22.0
3150,221.0
3151,2.0
3152,1406.0
3153,933.0
3154,28.0
3155,1137.0
3156,1113.0
3157,1638.0
3158,160.0
3159,1724.0
3160,4334.0
3161,66.0
3162,52.0
3163,1126.0
3164,4.0
3165,160.0
3166,7.0
3167,603.0
3168,1829.0
3169,889.0
3171,98.0
3172,5.0
3173,1510.0
3174,3046.0
3175,6517.0
3176,4663.0
3177,437.0
3178,1959.0
3179,768.0
3180,154.0
3181,605.0
3182,491.0
3183,163.0
3184,15.0
3185,1358.0
3186,1499.0
3187,9.0
3188,200.0
3189,1093.0
3190,346.0
3192,98.0
3194,727.0
3196,1666.0
3197,829.0
3198,1324.0
3199,241.0
3200,662.0
3201,1419.0
3202,1.0
3203,1828.0
3204,747.0
3205,9.0
3206,432.0
3207,16.0
3208,729.0
3209,1.0
3210,3400.0
3211,232.0
3212,5.0
3213,826.0
3214,323.0
3215,35.0
3216,10.0
3217,305.0
3218,102.0
3219,1455.0
3220,2.0
3221,99.0
3222,125.0
3223,99.0
3224,312.0
3225,328.0
3228,2.0
3229,4.0
3230,286.0
3232,20.0
3233,10.0
3235,213.0
3236,7.0
3237,1.0
3238,570.0
3239,88.0
3240,108.0
3241,209.0
3242,11.0
3243,733.0
3244,1190.0
3245,24.0
3246,1854.0
3247,2110.0
3248,513.0
3249,1066.0
3250,1245.0
3251,933.0
3252,2061.0
3253,4033.0
3254,1249.0
3255,4044.0
3256,3945.0
3257,1790.0
3258,933.0
3259,1358.0
3260,1790.0
3261,1494.0
3262,484.0
3263,2127.0
3264,1583.0
3265,1353.0
3266,563.0
3267,1781.0
3268,319.0
3269,1528.0
3270,657.0
3271,1262.0
3272,548.0
3273,1577.0
3274,1361.0
3275,333.0
3276,122.0
3277,4.0
3280,5.0
3281,198.0
3282,37.0
3283,52.0
3284,168.0
3285,1143.0
3286,270.0
3287,352.0
3288,12.0
3289,196.0
3290,3.0
3291,2.0
3292,23.0
3293,17.0
3294,5.0
3295,7.0
3296,770.0
3297,2.0
3298,2041.0
3299,404.0
3300,1789.0
3301,2034.0
3302,177.0
3303,21.0
3304,200.0
3305,8.0
3306,95.0
3307,1189.0
3308,940.0
3309,88.0
3310,235.0
3311,125.0
3312,1.0
3313,45.0
3314,13.0
3315,2.0
3316,800.0
3317,1959.0
3318,167.0
3319,87.0
3320,158.0
3321,2.0
3322,11.0
3323,3.0
3324,525.0
3325,373.0
3326,514.0
3327,473.0
3328,1207.0
3329,103.0
3330,406.0
3331,81.0
3333,56.0
3334,1882.0
3335,32.0
3336,6.0
3337,7.0
3338,120.0
3339,161.0
3340,199.0
3341,715.0
3342,860.0
3343,95.0
3344,52.0
3345,72.0
3346,14.0
3347,844.0
3349,85.0
3350,568.0
3351,49.0
3352,8.0
3353,8.0
3354,2058.0
3355,857.0
3357,388.0
3358,1642.0
3359,2122.0
3360,2312.0
3361,4202.0
3362,3037.0
3363,3986.0
3364,593.0
3365,1001.0
3366,1010.0
3367,145.0
3368,230.0
3370,295.0
3371,178.0
3372,199.0
3373,8.0
3374,39.0
3375,217.0
3376,1.0
3377,7.0
3378,13.0
3379,375.0
3380,9.0
3381,7.0
3382,5.0
3384,1049.0
3385,360.0
3386,2839.0
3387,471.0
3388,810.0
3389,103.0
3390,55.0
3391,219.0
3392,304.0
3393,109.0
3394,561.0
3395,156.0
3396,2869.0
3397,1338.0
3398,1195.0
3399,272.0
3400,73.0
3401,238.0
3402,77.0
3403,89.0
3404,756.0
3405,558.0
3406,394.0
3407,5.0
3408,5081.0
3409,1502.0
3410,39.0
3412,590.0
3413,7.0
3414,163.0
3415,88.0
3416,201.0
3417,262.0
3418,5215.0
3419,41.0
3420,739.0
3421,4892.0
3422,714.0
3423,216.0
3424,3031.0
3425,260.0
3426,687.0
3427,247.0
3428,174.0
3429,1188.0
3430,735.0
3431,227.0
3432,163.0
3433,103.0
3434,86.0
3435,2433.0
3436,357.0
3437,24.0
3438,1430.0
3439,534.0
3440,361.0
3441,1556.0
3442,90.0
3443,19.0
3444,716.0
3445,444.0
3446,133.0
3447,268.0
3448,4040.0
3449,101.0
3450,2763.0
3451,1372.0
3452,1040.0
3453,221.0
3454,116.0
3456,256.0
3457,422.0
3458,3.0
3459,172.0
3460,1.0
3461,1294.0
3462,1292.0
3463,18.0
3464,49.0
3465,50.0
3466,777.0
3467,1122.0
3468,1908.0
3469,1147.0
3470,398.0
3471,5825.0
3472,7.0
3473,82.0
3474,51.0
3475,531.0
3476,2387.0
3477,825.0
3478,886.0
3479,1991.0
3480,562.0
3481,5394.0
3482,9.0
3483,506.0
3484,824.0
3485,3.0
3486,31.0
3487,253.0
3488,44.0
3489,2179.0
3490,45.0
3491,194.0
3492,50.0
3493,2.0
3494,1196.0
3495,45.0
3496,190.0
3497,293.0
3498,1182.0
3499,3382.0
3500,480.0
3501,954.0
3502,309.0
3503,494.0
3504,2766.0
3505,1375.0
3506,562.0
3507,1569.0
3508,1476.0
3509,262.0
3510,3086.0
3511,171.0
3512,1671.0
3513,1406.0
3514,196.0
3515,612.0
3516,855.0
3517,9.0
3518,155.0
3519,666.0
3520,82.0
3521,729.0
3522,12.0
3523,25.0
3524,1830.0
3525,1130.0
3526,3057.0
3527,4739.0
3528,1013.0
3529,538.0
3530,4.0
3531,82.0
3532,79.0
3533,23.0
3534,1548.0
3535,2028.0
3536,1833.0
3537,113.0
3538,645.0
3539,150.0
3540,77.0
3542,6.0
3543,3291.0
3544,283.0
3545,1729.0
3546,830.0
3547,292.0
3548,1051.0
3549,986.0
3550,549.0
3551,1572.0
3552,3720.0
3553,227.0
3554,411.0
3555,3214.0
3556,1191.0
3557,336.0
3559,110.0
3562,79.0
3563,25.0
3564,231.0
3565,905.0
3566,1025.0
3567,119.0
3568,85.0
3569,124.0
3570,39.0
3571,429.0
3572,133.0
3573,38.0
3574,18.0
3575,10.0
3576,1046.0
3577,159.0
3578,7900.0
3579,169.0
3580,89.0
3581,39.0
3584,357.0
3585,73.0
3586,95.0
3587,90.0
3588,160.0
3590,243.0
3591,2140.0
3592,20.0
3593,551.0
3594,601.0
3595,12.0
3596,152.0
3597,101.0
3598,619.0
3599,374.0
3600,342.0
3601,8.0
3602,146.0
3603,10.0
3604,451.0
3605,158.0
3606,666.0
3607,5.0
3608,2932.0
3609,16.0
3610,86.0
3611,46.0
3612,109.0
3613,353.0
3614,1745.0
3615,1110.0
3616,339.0
3617,1369.0
3618,1244.0
3619,300.0
3620,150.0
3621,5.0
3622,322.0
3623,4196.0
3624,2891.0
3625,61.0
3626,121.0
3627,372.0
3628,345.0
3629,1152.0
3631,8.0
3632,144.0
3633,1222.0
3634,702.0
3635,1756.0
3636,25.0
3637,79.0
3638,2081.0
3639,1673.0
3640,41.0
3641,22.0
3642,40.0
3643,347.0
3644,57.0
3645,65.0
3646,440.0
3647,4.0
3648,24.0
3649,935.0
3651,2.0
3652,15.0
3653,565.0
3654,1990.0
3655,189.0
3656,5.0
3657,22.0
3658,252.0
3659,122.0
3660,449.0
3661,181.0
3662,193.0
3663,108.0
3664,91.0
3665,45.0
3666,10.0
3667,67.0
3668,1394.0
3669,169.0
3670,77.0
3671,4529.0
3672,463.0
3673,72.0
3674,122.0
3675,1037.0
3676,690.0
3677,175.0
3678,338.0
3679,265.0
3680,185.0
3681,1273.0
3682,775.0
3683,2649.0
3684,1208.0
3685,1958.0
3686,1344.0
3687,4.0
3688,927.0
3689,288.0
3690,249.0
3691,108.0
3692,133.0
3693,491.0
3694,115.0
3695,96.0
3696,166.0
3697,1844.0
3698,2335.0
3699,2994.0
3700,882.0
3701,1625.0
3702,3906.0
3703,3799.0
3704,2286.0
3705,982.0
3706,1525.0
3707,731.0
3708,796.0
3709,270.0
3710,417.0
3711,106.0
3712,1179.0
3713,318.0
3714,207.0
3715,216.0
3716,159.0
3717,1737.0
3718,202.0
3719,136.0
3720,319.0
3721,62.0
3722,2.0
3723,1003.0
3724,725.0
3725,344.0
3726,350.0
3727,549.0
3728,586.0
3729,758.0
3730,1925.0
3731,146.0
3732,212.0
3733,1109.0
3734,199.0
3735,1971.0
3736,148.0
3737,200.0
3738,266.0
3739,159.0
3740,1994.0
3741,983.0
3742,929.0
3743,200.0
3744,1365.0
3745,1809.0
3746,266.0
3747,555.0
3748,6.0
3749,69.0
3751,5156.0
3752,1680.0
3753,4644.0
3754,514.0
3755,3395.0
3756,84.0
3757,48.0
3758,331.0
3759,114.0
3760,1062.0
3761,83.0
3762,4.0
3763,2503.0
3764,647.0
3765,131.0
3766,485.0
3767,217.0
3768,175.0
3769,643.0
3770,1173.0
3771,513.0
3772,5.0
3773,482.0
3774,126.0
3775,65.0
3776,80.0
3777,24.0
3778,17.0
3779,3.0
3780,127.0
3781,75.0
3782,120.0
3783,947.0
3784,534.0
3785,1846.0
3786,598.0
3787,243.0
3788,937.0
3789,655.0
3790,172.0
3791,1334.0
3792,256.0
3793,5773.0
3794,397.0
3795,225.0
3796,44.0
3797,64.0
3798,1544.0
3799,162.0
3800,7.0
3801,842.0
3802,735.0
3803,32.0
3804,109.0
3805,95.0
3806,189.0
3807,347.0
3808,177.0
3809,2776.0
3810,260.0
3811,1477.0
3812,1014.0
3813,273.0
3814,881.0
3816,143.0
3817,51.0
3818,17.0
3819,986.0
3820,67.0
3821,655.0
3822,263.0
3823,237.0
3824,249.0
3825,555.0
3826,1028.0
3827,1617.0
3828,5.0
3830,72.0
3831,692.0
3832,69.0
3833,142.0
3834,497.0
3835,482.0
3836,1466.0
3837,257.0
3838,110.0
3839,124.0
3840,285.0
3841,843.0
3842,3.0
3843,79.0
3844,1466.0
3845,95.0
3846,434.0
3847,74.0
3848,62.0
3849,174.0
3850,38.0
3851,158.0
3852,769.0
3853,46.0
3854,73.0
3855,143.0
3857,160.0
3858,218.0
3859,318.0
3860,51.0
3861,748.0
3862,62.0
3863,2146.0
3864,385.0
3865,475.0
3866,19.0
3867,40.0
3868,2547.0
3869,1331.0
3870,189.0
3871,1171.0
3872,391.0
3873,1027.0
3874,72.0
3875,14.0
3876,8.0
3877,368.0
3878,34.0
3879,401.0
3880,63.0
3881,5.0
3882,766.0
3883,41.0
3884,95.0
3885,81.0
3886,120.0
3887,12.0
3888,9.0
3889,326.0
3890,3.0
3891,12.0
3892,27.0
3893,1958.0
3894,67.0
3895,220.0
3896,594.0
3897,4201.0
3898,123.0
3899,5.0
3900,92.0
3901,281.0
3902,75.0
3903,182.0
3904,1.0
3905,31.0
3906,101.0
3908,201.0
3909,185.0
3910,764.0
3911,2676.0
3912,92.0
3913,93.0
3914,233.0
3915,446.0
3916,1715.0
3917,868.0
3918,468.0
3919,194.0
3920,245.0
3921,124.0
3922,101.0
3923,268.0
3924,76.0
3925,478.0
3926,605.0
3927,1246.0
3928,709.0
3929,587.0
3930,726.0
3931,55.0
3932,870.0
3933,36.0
3934,85.0
3935,69.0
3936,417.0
3937,397.0
3938,52.0
3939,51.0
3940,26.0
3941,45.0
3942,50.0
3943,293.0
3944,19.0
3945,64.0
3946,226.0
3947,191.0
3948,3134.0
3949,1251.0
3950,198.0
3951,156.0
3952,1467.0
